{
  "query": {
    "apikey": "<very-secret>",
    "base_currency": "USD",
    "timestamp": 1638992888
  },
  "data": {
    "JPY": 113.65205,
    "CNY": 6.34831,
    "CHF": 0.9204,
    "CAD": 1.26522,
    "MXN": 20.9622,
    "INR": 75.40194,
    "BRL": 5.54004,
    "RUB": 73.60222,
    "KRW": 1171.01393,
    "IDR": 14355.19443,
    "TRY": 13.65196,
    "SAR": 3.75124,
    "SEK": 9.03511,
    "NGN": 409.73101,
    "PLN": 4.06478,
    "ARS": 101.36279,
    "NOK": 8.88133,
    "TWD": 27.73346,
    "IRR": 42000.99148,
    "AED": 3.67296,
    "COP": 3899.66647,
    "THB": 33.43079,
    "ZAR": 15.73776,
    "DKK": 6.55381,
    "MYR": 4.22309,
    "SGD": 1.36158,
    "ILS": 3.10229,
    "HKD": 7.79684,
    "EGP": 15.70795,
    "PHP": 50.23071,
    "CLP": 839.31288,
    "PKR": 177.15248,
    "IQD": 1458.01996,
    "DZD": 138.5719,
    "KZT": 436.4914,
    "QAR": 3.64009,
    "CZK": 22.44703,
    "PEN": 4.07298,
    "RON": 4.35929,
    "VND": 22925.54145,
    "BDT": 85.7021,
    "HUF": 321.4233,
    "UAH": 27.15054,
    "AOA": 576.85653,
    "MAD": 9.19951,
    "OMR": 0.38501,
    "CUC": 24.00059,
    "BYR": 3.00006,
    "AZN": 1.69304,
    "LKR": 202.00437,
    "SDG": 436.28623,
    "SYP": 2511.0394,
    "MMK": 1771.53135,
    "DOP": 56.66104,
    "UZS": 10760.30209,
    "KES": 112.80241,
    "GTQ": 7.73222,
    "URY": 44.15067,
    "HRV": 6.66356,
    "MOP": 8.03117,
    "ETB": 48.21503,
    "CRC": 636.61711,
    "TZS": 2301.04541,
    "TMT": 3.49005,
    "TND": 2.87423,
    "PAB": 1.00002,
    "LBP": 1505.72927,
    "RSD": 103.58195,
    "LYD": 4.58889,
    "GHS": 6.00017,
    "YER": 250.00625,
    "BOB": 6.82017,
    "BHD": 0.37701,
    "CDF": 1987.05231,
    "PYG": 6829.14826,
    "UGX": 3561.47936,
    "SVC": 8.74961,
    "TTD": 6.75527,
    "AFN": 97.68109,
    "NPR": 120.72349,
    "HNL": 24.0505,
    "BIH": 1.73295,
    "BND": 1.36143,
    "ISK": 129.75211,
    "KHR": 4060.07344,
    "GEL": 3.08507,
    "MZN": 63.20076,
    "BWP": 11.69298,
    "PGK": 3.51128,
    "JMD": 153.00283,
    "XAF": 578.00112,
    "NAD": 15.74341,
    "ALL": 106.45164,
    "SSP": 405.95051,
    "MUR": 43.50097,
    "MNT": 2825.05787,
    "NIO": 35.48076,
    "LAK": 10936.1808,
    "MKD": 54.48076,
    "AMD": 492.0145,
    "MGA": 3953.65643,
    "XPF": 104.99164,
    "TJS": 11.28013,
    "HTG": 99.02267,
    "BSD": 1.00002,
    "MDL": 17.54701,
    "RWF": 1022.61853,
    "KGS": 84.50207,
    "GNF": 9294.14289,
    "SRD": 21.43147,
    "SLL": 11085.30533,
    "XOF": 581.6701,
    "MWK": 808.11249,
    "FJD": 2.14293,
    "ERN": 15.00017,
    "SZL": 15.73726,
    "GYD": 208.19414,
    "BIF": 1985.82731,
    "KYD": 0.82501,
    "MVR": 15.4203,
    "LSL": 15.73266,
    "LRD": 141.00166,
    "CVE": 97.16185,
    "DJF": 177.5026,
    "SCR": 12.79874,
    "SOS": 575.01159,
    "GMD": 52.55076,
    "KMF": 434.20778,
    "STD": 21.71027,
    "XRP": 1.19003,
    "AUD": 1.40144,
    "BGN": 1.72352,
    "BTC": 0.0198,
    "JOD": 0.70902,
    "GBP": 0.75521,
    "ETH": 0.00023,
    "EUR": 0.88121,
    "LTC": 0.01,
    "NZD": 1.47423
  }
}